{"type": "metrics", "dataset": "train", "precision": 0.6752861381941501, "balanced_accuracy": 0.6449702454311772, "recall": 0.33714285714285713, "f1_score": 0.4497459062676454}
{"type": "metrics", "dataset": "test", "precision": 0.6821256038647343, "balanced_accuracy": 0.6619471590603108, "recall": 0.3704092339979014, "f1_score": 0.4801088065283917}
{"type": "cm_matrix", "dataset": "train", "true_0": {"predicted_0": 15462, "predicted_1": 766}, "true_1": {"predicted_0": 3132, "predicted_1": 1593}}
{"type": "cm_matrix", "dataset": "test", "true_0": {"predicted_0": 6744, "predicted_1": 329}, "true_1": {"predicted_0": 1200, "predicted_1": 706}}
